Tittle ,Question ,Part 
Hometown,Where do you usually go when you want to relax in your hometown?,Part 1
Hometown,What do you like most about your hometown?,Part 1
Hometown,Has your hometown changed much in recent years?,Part 1
Hometown,Would you like to live in your hometown in the future?,Part 1
Work or Studies,What do you enjoy most about your work or studies?,Part 1
Work or Studies,Why did you choose your current field of study or job?,Part 1
Work or Studies,Do you prefer working alone or in a team?,Part 1
Work or Studies,What is the most challenging part of your studies or work?,Part 1
Daily Routine,How do you usually spend your mornings?,Part 1
Daily Routine,What is your favorite part of the day?,Part 1
Daily Routine,Do you prefer having a fixed routine or a flexible one?,Part 1
Daily Routine,Has your daily routine changed recently?,Part 1
Reading,Do you prefer reading e-books or printed books? Why?,Part 1
Reading,How often do you read for pleasure?,Part 1
Reading,What kind of books do you like reading?,Part 1
Reading,Do you think reading is important for learning?,Part 1
Music,What type of music do you usually listen to?,Part 1
Music,Do you like listening to music while studying or working?,Part 1
Music,Have your music preferences changed over time?,Part 1
Music,Do you prefer live concerts or listening to recorded music?,Part 1
Social Media,How often do you post on social media?,Part 1
Social Media,Do you think social media is a good way to stay in touch with friends?,Part 1
Social Media,What do you usually post on social media?,Part 1
Social Media,Have you ever taken a break from social media?,Part 1
Weather,What is your favorite season of the year? Why?,Part 1
Weather,Do you prefer hot weather or cold weather?,Part 1
Weather,How does the weather affect your mood?,Part 1
Weather,Have you ever experienced extreme weather conditions?,Part 1
Food,Do you like trying new kinds of food?,Part 1
Food,What is your favorite type of cuisine?,Part 1
Food,How often do you eat out at restaurants?,Part 1
Food,Do you prefer cooking at home or eating out?,Part 1
Sports,What sport do you enjoy watching or playing the most?,Part 1
Sports,Did you play any sports when you were a child?,Part 1
Sports,Do you prefer team sports or individual sports?,Part 1
Sports,How often do you exercise or play sports now?,Part 1
Technology,What technology do you use the most in your daily life?,Part 1
Technology,Do you prefer using a laptop or a smartphone?,Part 1
Technology,Has technology changed the way you communicate?,Part 1
Technology,What is a piece of technology you cannot live without?,Part 1
Travel,Do you prefer traveling alone or with friends?,Part 1
Travel,What is your favorite type of holiday?,Part 1
Travel,Do you like visiting new places or going back to familiar ones?,Part 1
Travel,What was your most memorable trip?,Part 1
Shopping,Do you enjoy shopping in malls or online?,Part 1
Shopping,What was the last thing you bought?,Part 1
Shopping,Do you prefer buying branded items or not?,Part 1
Shopping,Do you like shopping with friends or alone?,Part 1
Television & Streaming,Do you often watch TV series or movies?,Part 1
Television & Streaming,Do you prefer watching movies at home or in the cinema?,Part 1
Television & Streaming,What is your favorite TV show?,Part 1
Television & Streaming,Do you think people watch too much TV nowadays?,Part 1
Pets,Would you like to have a pet in the future?,Part 1
Pets,Did you have a pet when you were a child?,Part 1
Pets,What animals do you like the most?,Part 1
Pets,Do you think pets make people happier?,Part 1
Sleep,How many hours do you usually sleep every night?,Part 1
Sleep,Do you take naps during the day?,Part 1
Sleep,What do you do if you cannot fall asleep?,Part 1
Sleep,Has your sleeping pattern changed recently?,Part 1
Education,How has education changed in your country over the years?,Part 3
Education,Should education be free for everyone?,Part 3
Education,Do you think exams are the best way to assess students?,Part 3
Education,How important is practical knowledge compared to theoretical knowledge?,Part 3
Technology,How has technology changed the way people interact?,Part 3
Technology,Do you think people rely too much on technology today?,Part 3
Technology,What are the pros and cons of using technology in education?,Part 3
Technology,How do you see technology evolving in the next decade?,Part 3
Environment,What are the biggest environmental problems in your country?,Part 3
Environment,Who should take more responsibility for protecting the environment: individuals or governments?,Part 3
Environment,How effective are international agreements on climate change?,Part 3
Environment,What can be done to encourage people to recycle more?,Part 3
Health,Do you think people today are healthier than in the past?,Part 3
Health,Should governments spend more on healthcare than on the military?,Part 3
Health,How can people be encouraged to live healthier lives?,Part 3
Health,What role does mental health play in overall well-being?,Part 3
Globalization,How has globalization affected your country?,Part 3
Globalization,Do you think globalization is good for local cultures?,Part 3
Globalization,What are the benefits and drawbacks of globalization?,Part 3
Globalization,How has globalization changed the job market?,Part 3
Media,Do you think the media influences public opinion?,Part 3
Media,How has social media changed news reporting?,Part 3
Media,Should the government regulate media content?,Part 3
Media,Do people trust the news nowadays? Why or why not?,Part 3
Culture,Why is it important to preserve traditional culture?,Part 3
Culture,How do cultural values influence people's behavior?,Part 3
Culture,Should governments invest in preserving heritage sites?,Part 3
Culture,How has modernization affected cultural traditions?,Part 3
Crime,What are the main causes of crime in society?,Part 3
Crime,Do you think severe punishment reduces crime?,Part 3
Crime,How effective are community programs in preventing crime?,Part 3
Crime,Should the death penalty still be used?,Part 3
Work,How has remote work changed people's lives?,Part 3
Work,Do you think job satisfaction is more important than salary?,Part 3
Work,What are the challenges of working in large companies?,Part 3
Work,How will automation impact future employment?,Part 3
Travel,Why do people like to travel abroad?,Part 3
Travel,What are the disadvantages of mass tourism?,Part 3
Travel,Should governments promote domestic tourism?,Part 3
Travel,How has air travel changed tourism?,Part 3
Family,How has the family structure changed over the years?,Part 3
Family,Should children spend more time with their parents?,Part 3
Family,What are the advantages of living in a joint family?,Part 3
Family,Do you think family relationships are stronger than friendships?,Part 3
Language,Why is it important to learn foreign languages?,Part 3
Language,Do you think English will continue to dominate globally?,Part 3
Language,How does language affect culture?,Part 3
Language,Should schools teach more than one foreign language?,Part 3
Art,Why do people value art?,Part 3
Art,Should art be compulsory in schools?,Part 3
Art,How does art reflect society?,Part 3
Art,Do you think traditional art is more valuable than modern art?,Part 3
Economy,What factors influence a country's economic growth?,Part 3
Economy,Do you think economic growth should be prioritized over environmental issues?,Part 3
Economy,How does inflation affect people‚Äôs lives?,Part 3
Economy,Should the government control prices of essential goods?,Part 3
Transport,What problems does traffic congestion cause in cities?,Part 3
Transport,Should governments invest more in public transportation?,Part 3
Transport,How will electric vehicles change transportation?,Part 3
Transport,Do you think flying will become more popular in the future?,Part 3
Science,How important is scientific research for a country's development?,Part 3
Science,Do you think space exploration is worth the cost?,Part 3
Science,What are the negative impacts of scientific progress?,Part 3
Science,How has science improved our daily lives?,Part 3
Fashion,Why do people follow fashion trends?,Part 3
Fashion,Do you think fashion is important in the workplace?,Part 3
Fashion,How has the fashion industry changed in recent years?,Part 3
Fashion,Should fashion brands be more environmentally friendly?,Part 3
Sports,Why are sports important for society?,Part 3
Sports,Do you think professional athletes earn too much money?,Part 3
Sports,How do sports influence children's development?,Part 3
Sports,Should governments fund sports facilities for everyone?,Part 3
Happiness,What factors contribute most to happiness?,Part 3
Happiness,Do you think money is essential for happiness?,Part 3
Happiness,Can governments do anything to make people happier?,Part 3
Happiness,How does work-life balance affect happiness?,Part 3
Future of Work,Do you think AI will replace most human jobs?,Part 3
Future of Work,How will remote working trends change in the future?,Part 3
Future of Work,What skills will be important for future careers?,Part 3
Future of Work,Should schools prepare students for jobs that don‚Äôt exist yet?,Part 3